Product_ID,Snapshot_Date,Brand,Product_Name,SKU,Category,Subcategory,Collection,Original_Price,Sale_Price,Discount_Amount,Discount_Percent,Sale_Status,Price_Segment,Discount_Band,Category_Median_Price,Price_Index,Availability,Currency,Price_Competitiveness_Score,Discount_Strategy_Score,Product_Variety_Score,Availability_Score,Brand_Intelligence_Score,Scrape_Date
J-001,31/08/2026,J.,Choco Vanille,PU300268-DFT-100ML-REG,Unstitched,Other,Women Unstitched,6900,6900,0,0,Regular Price,Budget,No Discount,6900,100,Available,PKR,100,1.14,60,100,65.28,31/08/2026
J-002,31/08/2026,J.,Galaxy Grape,PU300267-DFT-100ML-REG,Unstitched,Other,Women Unstitched,6900,6900,0,0,Regular Price,Budget,No Discount,6900,100,Available,PKR,100,1.14,60,100,65.28,31/08/2026
J-003,31/08/2026,J.,Matcha Matcha,PU300266-DFT-100ML-REG,Unstitched,Other,Women Unstitched,6900,6900,0,0,Regular Price,Budget,No Discount,6900,100,Available,PKR,100,1.14,60,100,65.28,31/08/2026
J-004,31/08/2026,J.,Pink Sugar,PU300265-DFT-100ML-REG,Unstitched,Other,Women Unstitched,6900,6900,0,0,Regular Price,Budget,No Discount,6900,100,Available,PKR,100,1.14,60,100,65.28,31/08/2026
J-005,31/08/2026,J.,ENIGMA NOIR,PL300018-DFT-100ML-REG,Unstitched,Other,Women Unstitched,4500,4500,0,0,Regular Price,Budget,No Discount,6900,65.22,Available,PKR,100,1.14,60,100,65.28,31/08/2026
J-006,31/08/2026,J.,ZARAR METALLIC,PM300185-DFT-100ML-REG,Unstitched,Other,Women Unstitched,5500,5500,0,0,Regular Price,Budget,No Discount,6900,79.71,Available,PKR,100,1.14,60,100,65.28,31/08/2026
J-007,31/08/2026,J.,ZARAR SHADOW,PM300184-DFT-100ML-REG,Unstitched,Other,Women Unstitched,5500,5500,0,0,Regular Price,Budget,No Discount,6900,79.71,Available,PKR,100,1.14,60,100,65.28,31/08/2026
J-008,31/08/2026,J.,JANAN ZIRCON,PL300167-DFT-100ML-REG,Unstitched,Other,Women Unstitched,5900,5900,0,0,Regular Price,Budget,No Discount,6900,85.51,Available,PKR,100,1.14,60,100,65.28,31/08/2026
J-009,31/08/2026,J.,JANAN PEARL,PL300162-DFT-100ML-REG,Unstitched,Other,Women Unstitched,5900,5900,0,0,Regular Price,Budget,No Discount,6900,85.51,Available,PKR,100,1.14,60,100,65.28,31/08/2026
J-010,31/08/2026,J.,JANAN ONYX,PL300160-DFT-100ML-REG,Unstitched,Other,Women Unstitched,5900,5900,0,0,Regular Price,Budget,No Discount,6900,85.51,Available,PKR,100,1.14,60,100,65.28,31/08/2026
J-011,31/08/2026,J.,Teal Embroidered Cambric Unstitched 2Pc,JST262487U-GREEN-2PS-REG,Unstitched,2 Piece,Women Unstitched,4990,4990,0,0,Regular Price,Budget,No Discount,6900,72.32,Available,PKR,100,1.14,60,100,65.28,31/08/2026
J-012,31/08/2026,J.,Red Embroidered Cambric Unstitched 2Pc,JST262486U-RED-2PS-REG,Unstitched,2 Piece,Women Unstitched,4990,4990,0,0,Regular Price,Budget,No Discount,6900,72.32,Available,PKR,100,1.14,60,100,65.28,31/08/2026
J-013,31/08/2026,J.,Blue Embroidered Cambric Unstitched 2Pc,JST262485U-BLUE-2PS-REG,Unstitched,2 Piece,Women Unstitched,4990,4990,0,0,Regular Price,Budget,No Discount,6900,72.32,Available,PKR,100,1.14,60,100,65.28,31/08/2026
J-014,31/08/2026,J.,Off White Embroidered Cambric Unstitched 2Pc,JST262484U-WHITE-2PS-REG,Unstitched,2 Piece,Women Unstitched,4990,4990,0,0,Regular Price,Budget,No Discount,6900,72.32,Available,PKR,100,1.14,60,100,65.28,31/08/2026
J-015,31/08/2026,J.,Black Embroidered Dobby Unstitched 3Pc,JLU264617U-BLACK-3PS-REG,Unstitched,3 Piece,Women Unstitched,6990,6990,0,0,Regular Price,Budget,No Discount,6900,101.3,Available,PKR,100,1.14,60,100,65.28,31/08/2026
J-016,31/08/2026,J.,Brown Embroidered Dobby Unstitched 3Pc,JLU264616U-BROWN-3PS-REG,Unstitched,3 Piece,Women Unstitched,6990,6990,0,0,Regular Price,Budget,No Discount,6900,101.3,Available,PKR,100,1.14,60,100,65.28,31/08/2026
J-017,31/08/2026,J.,Beige Embroidered Dobby Unstitched 3Pc,JLU264615U-BROWN-3PS-REG,Unstitched,3 Piece,Women Unstitched,6990,6990,0,0,Regular Price,Budget,No Discount,6900,101.3,Available,PKR,100,1.14,60,100,65.28,31/08/2026
J-018,31/08/2026,J.,White Embroidered Dobby Unstitched 3Pc,JLU264614U-WHITE-3PS-REG,Unstitched,3 Piece,Women Unstitched,6990,6990,0,0,Regular Price,Budget,No Discount,6900,101.3,Available,PKR,100,1.14,60,100,65.28,31/08/2026
J-019,31/08/2026,J.,Blue Embroidered Cambric Unstitched 3Pc,JLU264613U-BLUE-3PS-REG,Unstitched,3 Piece,Women Unstitched,5990,5990,0,0,Regular Price,Budget,No Discount,6900,86.81,Available,PKR,100,1.14,60,100,65.28,31/08/2026
J-020,31/08/2026,J.,Purple Embroidered Cambric Unstitched 3Pc,JLU264612U-PURPLE-3PS-REG,Unstitched,3 Piece,Women Unstitched,5990,5990,0,0,Regular Price,Budget,No Discount,6900,86.81,Available,PKR,100,1.14,60,100,65.28,31/08/2026
J-021,31/08/2026,J.,Red Embroidered Cambric Unstitched 3Pc,JLU264611U-RED-3PS-REG,Unstitched,3 Piece,Women Unstitched,5990,5990,0,0,Regular Price,Budget,No Discount,6900,86.81,Available,PKR,100,1.14,60,100,65.28,31/08/2026
J-022,31/08/2026,J.,Green Embroidered Cambric Unstitched 3Pc,JLU264610U-GREEN-3PS-REG,Unstitched,3 Piece,Women Unstitched,5990,5990,0,0,Regular Price,Budget,No Discount,6900,86.81,Available,PKR,100,1.14,60,100,65.28,31/08/2026
J-023,31/08/2026,J.,Purple Embroidered Liminal Unstitched 3Pc,JLU264323U-PURPLE-3PS-REG,Unstitched,3 Piece,Women Unstitched,7490,7490,0,0,Regular Price,Budget,No Discount,6900,108.55,Available,PKR,100,1.14,60,100,65.28,31/08/2026
J-024,31/08/2026,J.,Green Embroidered Liminal Unstitched 3Pc,JLU264322U-GREEN-3PS-REG,Unstitched,3 Piece,Women Unstitched,7490,7490,0,0,Regular Price,Budget,No Discount,6900,108.55,Available,PKR,100,1.14,60,100,65.28,31/08/2026
J-025,31/08/2026,J.,Pink Embroidered Liminal Unstitched 3Pc,JLU264321U-PINK-3PS-REG,Unstitched,3 Piece,Women Unstitched,7490,7490,0,0,Regular Price,Budget,No Discount,6900,108.55,Available,PKR,100,1.14,60,100,65.28,31/08/2026
J-026,31/08/2026,J.,Pink Embroidered Liminal Unstitched 3Pc,JLU264320U-PINK-3PS-REG,Unstitched,3 Piece,Women Unstitched,6990,6990,0,0,Regular Price,Budget,No Discount,6900,101.3,Available,PKR,100,1.14,60,100,65.28,31/08/2026
J-027,31/08/2026,J.,Blue Embroidered Liminal Unstitched 3Pc,JLU264319U-BLUE-3PS-REG,Unstitched,3 Piece,Women Unstitched,6990,6990,0,0,Regular Price,Budget,No Discount,6900,101.3,Available,PKR,100,1.14,60,100,65.28,31/08/2026
J-028,31/08/2026,J.,Off White Embroidered Liminal Unstitched 3Pc,JLU264317U-WHITE-3PS-REG,Unstitched,3 Piece,Women Unstitched,6990,6990,0,0,Regular Price,Budget,No Discount,6900,101.3,Available,PKR,100,1.14,60,100,65.28,31/08/2026
J-029,31/08/2026,J.,Blue Embroidered Liminal Unstitched 3Pc,JLU264282U-BLUE-3PS-REG,Unstitched,3 Piece,Women Unstitched,5990,5990,0,0,Regular Price,Budget,No Discount,6900,86.81,Available,PKR,100,1.14,60,100,65.28,31/08/2026
J-030,31/08/2026,J.,Blue Embroidered Liminal Unstitched 3Pc,JLU264281U-BLUE-3PS-REG,Unstitched,3 Piece,Women Unstitched,5990,5990,0,0,Regular Price,Budget,No Discount,6900,86.81,Available,PKR,100,1.14,60,100,65.28,31/08/2026
J-031,31/08/2026,J.,Blue Embroidered Liminal Unstitched 3Pc,JLU264280U-BLUE-3PS-REG,Unstitched,3 Piece,Women Unstitched,5990,5990,0,0,Regular Price,Budget,No Discount,6900,86.81,Available,PKR,100,1.14,60,100,65.28,31/08/2026
J-032,31/08/2026,J.,Maroon Embroidered Liminal Unstitched 3Pc,JLU264279U-RED-3PS-REG,Unstitched,3 Piece,Women Unstitched,5990,5990,0,0,Regular Price,Budget,No Discount,6900,86.81,Available,PKR,100,1.14,60,100,65.28,31/08/2026
J-033,31/08/2026,J.,Black Embroidered Liminal Unstitched 3Pc,JLU264278U-BLACK-3PS-REG,Unstitched,3 Piece,Women Unstitched,5990,5990,0,0,Regular Price,Budget,No Discount,6900,86.81,Available,PKR,100,1.14,60,100,65.28,31/08/2026
J-034,31/08/2026,J.,Pink Embroidered Liminal Unstitched 3Pc,JLU264276U-PINK-3PS-REG,Unstitched,3 Piece,Women Unstitched,5990,5990,0,0,Regular Price,Budget,No Discount,6900,86.81,Available,PKR,100,1.14,60,100,65.28,31/08/2026
J-035,31/08/2026,J.,Sea Green Embroidered Liminal Stitched 3Pc,JLS26779S-GREEN-EXS-REG,Pret,3 Piece,Women Ready to Wear,10990,10990,0,0,Regular Price,Mid Range,No Discount,9990,110.01,Available,PKR,100,1.14,60,100,65.28,31/08/2026
J-036,31/08/2026,J.,Sky Blue Embroidered Linen Co-Ord Set,JST262471S-BLUE-EXS-REG,Pret,Other,Women Ready to Wear,9990,9990,0,0,Regular Price,Mid Range,No Discount,9990,100,Available,PKR,100,1.14,60,100,65.28,31/08/2026
J-037,31/08/2026,J.,Beige Embroidered Jacquard Co-Ord Set,JST262499S-BROWN-EXS-REG,Pret,Other,Women Ready to Wear,8990,8990,0,0,Regular Price,Mid Range,No Discount,9990,89.99,Available,PKR,100,1.14,60,100,65.28,31/08/2026
J-038,31/08/2026,J.,Green Embroidered Jacquard Co-Ord Set,JST262498S-GREEN-EXS-REG,Pret,Other,Women Ready to Wear,8990,8990,0,0,Regular Price,Mid Range,No Discount,9990,89.99,Available,PKR,100,1.14,60,100,65.28,31/08/2026
J-039,31/08/2026,J.,Grey Embroidered Jacquard Co-Ord Set,JST262497S-GREY-EXS-REG,Pret,Other,Women Ready to Wear,8990,8990,0,0,Regular Price,Mid Range,No Discount,9990,89.99,Available,PKR,100,1.14,60,100,65.28,31/08/2026
J-040,31/08/2026,J.,Pink Embroidered Jacquard Co-Ord Set,JST262496S-PINK-EXS-REG,Pret,Other,Women Ready to Wear,8990,8990,0,0,Regular Price,Mid Range,No Discount,9990,89.99,Available,PKR,100,1.14,60,100,65.28,31/08/2026
J-041,31/08/2026,J.,Blue Embroidered Linen Co-Ord Set,JST262470S-BLUE-EXS-REG,Pret,Other,Women Ready to Wear,9990,9990,0,0,Regular Price,Mid Range,No Discount,9990,100,Available,PKR,100,1.14,60,100,65.28,31/08/2026
J-042,31/08/2026,J.,White Embroidered Linen Co-Ord Set,JST262469S-WHITE-EXS-REG,Pret,Other,Women Ready to Wear,9990,9990,0,0,Regular Price,Mid Range,No Discount,9990,100,Available,PKR,100,1.14,60,100,65.28,31/08/2026
J-043,31/08/2026,J.,Off White Embroidered Linen Co-Ord Set,JST262468S-WHITE-EXS-REG,Pret,Other,Women Ready to Wear,9990,9990,0,0,Regular Price,Mid Range,No Discount,9990,100,Available,PKR,100,1.14,60,100,65.28,31/08/2026
J-044,31/08/2026,J.,Light Beige Digital Printed Seersucker Co-Ord Set,JST262465S-BROWN-EXS-REG,Pret,Other,Women Ready to Wear,9990,9990,0,0,Regular Price,Mid Range,No Discount,9990,100,Available,PKR,100,1.14,60,100,65.28,31/08/2026
J-045,31/08/2026,J.,Black Yarn Dyed Jacquard Co-Ord Set,JST262462S-BLACK-EXS-REG,Pret,Other,Women Ready to Wear,6990,6990,0,0,Regular Price,Budget,No Discount,9990,69.97,Available,PKR,100,1.14,60,100,65.28,31/08/2026
J-046,31/08/2026,J.,Beige Embroidered Jacquard Stitched 3Pc,JLS26788S-BROWN-EXS-REG,Pret,3 Piece,Women Ready to Wear,10990,10990,0,0,Regular Price,Mid Range,No Discount,9990,110.01,Available,PKR,100,1.14,60,100,65.28,31/08/2026
J-047,31/08/2026,J.,Coffee Embroidered Jacquard Stitched 3Pc,JLS26787S-BROWN-EXS-REG,Pret,3 Piece,Women Ready to Wear,10990,10990,0,0,Regular Price,Mid Range,No Discount,9990,110.01,Available,PKR,100,1.14,60,100,65.28,31/08/2026
J-048,31/08/2026,J.,Red Embroidered Jacquard Stitched 3Pc,JLS26786S-RED-EXS-REG,Pret,3 Piece,Women Ready to Wear,10990,10990,0,0,Regular Price,Mid Range,No Discount,9990,110.01,Available,PKR,100,1.14,60,100,65.28,31/08/2026
J-049,31/08/2026,J.,Blue Embroidered Jacquard Stitched 3Pc,JLS26785S-BLUE-EXS-REG,Pret,3 Piece,Women Ready to Wear,10990,10990,0,0,Regular Price,Mid Range,No Discount,9990,110.01,Available,PKR,100,1.14,60,100,65.28,31/08/2026
J-050,31/08/2026,J.,Black Embroidered Liminal Stitched 3Pc,JLS26784S-BLACK-EXS-REG,Pret,3 Piece,Women Ready to Wear,10990,10990,0,0,Regular Price,Mid Range,No Discount,9990,110.01,Available,PKR,100,1.14,60,100,65.28,31/08/2026
J-051,31/08/2026,J.,Teal Embroidered Liminal Stitched 3Pc,JLS26783S-GREEN-EXS-REG,Pret,3 Piece,Women Ready to Wear,10990,10990,0,0,Regular Price,Mid Range,No Discount,9990,110.01,Available,PKR,100,1.14,60,100,65.28,31/08/2026
J-052,31/08/2026,J.,Beige Embroidered Liminal Stitched 3Pc,JLS26782S-BROWN-EXS-REG,Pret,3 Piece,Women Ready to Wear,9990,9990,0,0,Regular Price,Mid Range,No Discount,9990,100,Available,PKR,100,1.14,60,100,65.28,31/08/2026
J-053,31/08/2026,J.,Green Embroidered Liminal Stitched 3Pc,JLS26781S-GREEN-EXS-REG,Pret,3 Piece,Women Ready to Wear,10990,10990,0,0,Regular Price,Mid Range,No Discount,9990,110.01,Available,PKR,100,1.14,60,100,65.28,31/08/2026
J-054,31/08/2026,J.,Sea Green Embroidered Liminal Stitched 3Pc,JLS26780S-GREEN-EXS-REG,Pret,3 Piece,Women Ready to Wear,10990,10990,0,0,Regular Price,Mid Range,No Discount,9990,110.01,Available,PKR,100,1.14,60,100,65.28,31/08/2026
J-055,31/08/2026,J.,Light Pink Embroidered Cotton Viscose Stitched 3Pc,JLS26763S-PINK-EXS-REG,Pret,3 Piece,Women Ready to Wear,11490,11490,0,0,Regular Price,Mid Range,No Discount,9990,115.02,Available,PKR,100,1.14,60,100,65.28,31/08/2026
J-056,31/08/2026,J.,Green Embroidered Lawn Stitched 3Pc,JLS26672S-GREEN-EXS-REG,Pret,3 Piece,Women Ready to Wear,9990,9990,0,0,Regular Price,Mid Range,No Discount,9990,100,Available,PKR,100,1.14,60,100,65.28,31/08/2026
J-057,31/08/2026,J.,Beige Embroidered Lawn Stitched 3Pc,JLS26671S-BROWN-EXS-REG,Pret,3 Piece,Women Ready to Wear,8990,8990,0,0,Regular Price,Mid Range,No Discount,9990,89.99,Available,PKR,100,1.14,60,100,65.28,31/08/2026
J-058,31/08/2026,J.,Pink Embroidered Lawn Stitched 3Pc,JLS26669S-PINK-EXS-REG,Pret,3 Piece,Women Ready to Wear,9990,9990,0,0,Regular Price,Mid Range,No Discount,9990,100,Available,PKR,100,1.14,60,100,65.28,31/08/2026
J-059,31/08/2026,J.,Off White Cotton Viscose Embroidered Stitched 3Pc,JLS26761S-WHITE-EXS-REG,Pret,3 Piece,Women Ready to Wear,11490,11490,0,0,Regular Price,Mid Range,No Discount,9990,115.02,Available,PKR,100,1.14,60,100,65.28,31/08/2026
J-060,31/08/2026,J.,Cream Seersucker Digital Printed Co-Ord Set,JST262464S-YELLOW-EXS-REG,Pret,Other,Women Ready to Wear,9990,9990,0,0,Regular Price,Mid Range,No Discount,9990,100,Available,PKR,100,1.14,60,100,65.28,31/08/2026
J-061,31/08/2026,J.,Light Blue Cotton Viscose Embroidered Stitched 3Pc,JLS26764S-BLUE-EXS-REG,Pret,3 Piece,Women Ready to Wear,11490,11490,0,0,Regular Price,Mid Range,No Discount,9990,115.02,Available,PKR,100,1.14,60,100,65.28,31/08/2026
J-062,31/08/2026,J.,Black Seersucker Co-Ord Set,JST262467S-BLACK-EXS-REG,Pret,Other,Women Ready to Wear,9990,9990,0,0,Regular Price,Mid Range,No Discount,9990,100,Available,PKR,100,1.14,60,100,65.28,31/08/2026
J-063,31/08/2026,J.,Cream Seersucker Digital Printed Co-Ord Set,JST262466S-YELLOW-EXS-REG,Pret,Other,Women Ready to Wear,9990,9990,0,0,Regular Price,Mid Range,No Discount,9990,100,Available,PKR,100,1.14,60,100,65.28,31/08/2026
J-064,31/08/2026,J.,Off White Cambric Embroidered Stitched 2Pc,JDS261172S-WHITE-00L-REG,Pret,2 Piece,Women Ready to Wear,6490,6490,0,0,Regular Price,Budget,No Discount,9990,64.96,Available,PKR,100,1.14,60,100,65.28,31/08/2026
J-065,31/08/2026,J.,Beige Jacquard Yarn Dyed Co-Ord Set,JST262461S-BROWN-EXS-REG,Pret,Other,Women Ready to Wear,6990,6990,0,0,Regular Price,Budget,No Discount,9990,69.97,Available,PKR,100,1.14,60,100,65.28,31/08/2026
J-066,31/08/2026,J.,Blue Jacquard Yarn Dyed Co-Ord Set,JST262460S-BLUE-EXS-REG,Pret,Other,Women Ready to Wear,6990,6990,0,0,Regular Price,Budget,No Discount,9990,69.97,Available,PKR,100,1.14,60,100,65.28,31/08/2026
J-067,31/08/2026,J.,Off White Raw Silk Embroidered Stitched 3Pc,JPS264083S-WHITE-EXS-REG,Pret,3 Piece,Women Ready to Wear,29990,29990,0,0,Regular Price,Premium,No Discount,9990,300.2,Available,PKR,100,1.14,60,100,65.28,31/08/2026
J-068,31/08/2026,J.,Green Impure Chiffon Embroidered Stitched 3Pc,JPS264078S-GREEN-EXS-REG,Pret,3 Piece,Women Ready to Wear,18990,18990,0,0,Regular Price,Premium,No Discount,9990,190.09,Available,PKR,100,1.14,60,100,65.28,31/08/2026
J-069,31/08/2026,J.,PINK ORGANZA EMBROIDERED FORMAL STITCHED 3PC,JPS264088S-PINK-EXS-REG,Formal,3 Piece,Women Formals,27990,27990,0,0,Regular Price,Premium,No Discount,27990,100,Available,PKR,100,1.14,60,100,65.28,31/08/2026
J-070,31/08/2026,J.,BEIGE RAW SILK EMBROIDERED FORMAL CO-ORD SET,JPS264045S-BROWN-EXS-REG,Formal,Other,Women Formals,12990,12990,0,0,Regular Price,Mid Range,No Discount,27990,46.41,Available,PKR,100,1.14,60,100,65.28,31/08/2026
J-071,31/08/2026,J.,LILAC RAW SILK EMBROIDERED CO-ORD SET,JPS263996S-PURPLE-EXS-REG,Formal,Other,Women Formals,12990,12990,0,0,Regular Price,Mid Range,No Discount,27990,46.41,Available,PKR,100,1.14,60,100,65.28,31/08/2026
J-072,31/08/2026,J.,LILAC RAW SILK EMBROIDERED STITCHED 3PC,JPS264015S-PURPLE-EXS-REG,Formal,3 Piece,Women Formals,19990,19990,0,0,Regular Price,Premium,No Discount,27990,71.42,Available,PKR,100,1.14,60,100,65.28,31/08/2026
J-073,31/08/2026,J.,BLACK RAW SILK EMBROIDERED CO-ORD SET,JPS264043S-BLACK-EXS-REG,Formal,Other,Women Formals,12990,12990,0,0,Regular Price,Mid Range,No Discount,27990,46.41,Available,PKR,100,1.14,60,100,65.28,31/08/2026
J-074,31/08/2026,J.,BLUE IMPURE CHIFFON EMBROIDERED STITCHED 3PC,JPS264005S-BLUE-EXS-REG,Formal,3 Piece,Women Formals,16990,16990,0,0,Regular Price,Premium,No Discount,27990,60.7,Available,PKR,100,1.14,60,100,65.28,31/08/2026
J-075,31/08/2026,J.,MUSTARD MAPLE SILK EMBROIDERED CO-ORD SET,JPS263998S-BROWN-EXS-REG,Formal,Other,Women Formals,12990,12990,0,0,Regular Price,Mid Range,No Discount,27990,46.41,Available,PKR,100,1.14,60,100,65.28,31/08/2026
J-076,31/08/2026,J.,BEIGE PAPER COTTON EMBROIDERED CO-ORD SET,JPS264044S-BROWN-EXS-REG,Formal,Other,Women Formals,12990,12990,0,0,Regular Price,Mid Range,No Discount,27990,46.41,Available,PKR,100,1.14,60,100,65.28,31/08/2026
J-077,31/08/2026,J.,WHITE RAW SILK EMBROIDERED STITCHED 3PC,JPS264014S-WHITE-EXS-REG,Formal,3 Piece,Women Formals,19990,19990,0,0,Regular Price,Premium,No Discount,27990,71.42,Available,PKR,100,1.14,60,100,65.28,31/08/2026
J-078,31/08/2026,J.,MAROON PAPER COTTON EMBROIDERED STITCHED 3PC,JPS264022S-RED-EXS-REG,Formal,3 Piece,Women Formals,14990,14990,0,0,Regular Price,Mid Range,No Discount,27990,53.55,Available,PKR,100,1.14,60,100,65.28,31/08/2026
J-079,31/08/2026,J.,PINK RAW SILK EMBROIDERED CO-ORD SET,JPS263997S-PINK-EXS-REG,Formal,Other,Women Formals,11990,11990,0,0,Regular Price,Mid Range,No Discount,27990,42.84,Available,PKR,100,1.14,60,100,65.28,31/08/2026
J-080,31/08/2026,J.,PINK COTTON NET EMBROIDERED FORMAL CO-ORD SET,JPS264047S-PINK-EXS-REG,Formal,Other,Women Formals,11990,11990,0,0,Regular Price,Mid Range,No Discount,27990,42.84,Available,PKR,100,1.14,60,100,65.28,31/08/2026
J-081,31/08/2026,J.,BROWN COTTON NET EMBROIDERED FORMAL CO-ORD SET,JPS264048S-BROWN-EXS-REG,Formal,Other,Women Formals,11990,11990,0,0,Regular Price,Mid Range,No Discount,27990,42.84,Available,PKR,100,1.14,60,100,65.28,31/08/2026
J-082,31/08/2026,J.,MAROON EMBROIDERED CHIFFON UNSTITCHED 3PC,JFU25715U-RED-3PS-REG,Formal,3 Piece,Women Formals,16990,10194,6796,40,On Sale,Mid Range,High (40-59%),27990,36.42,Available,PKR,100,1.14,60,100,65.28,31/08/2026
J-083,31/08/2026,J.,GREY EMBROIDERED CHIFFON 3PC STITCHED,JPS253971S-GREY-EXS-REG,Formal,3 Piece,Women Formals,18990,18990,0,0,Regular Price,Premium,No Discount,27990,67.85,Available,PKR,100,1.14,60,100,65.28,31/08/2026
J-084,31/08/2026,J.,GREY CHIFFON EMBROIDERED 3PC STITCHED,JPS253938S-GREY-EXS-REG,Formal,3 Piece,Women Formals,29990,17994,11996,40,On Sale,Premium,High (40-59%),27990,64.29,Available,PKR,100,1.14,60,100,65.28,31/08/2026
J-085,31/08/2026,J.,BLACK KHADDI EMBROIDERED 3PC STITCHED,JW241766S-BLACK-EXS-REG,Formal,3 Piece,Women Formals,9990,6993,2997,30,On Sale,Budget,Medium (20-39%),27990,24.98,Available,PKR,100,1.14,60,100,65.28,31/08/2026
J-086,31/08/2026,J.,GREEN SILK PRINTED 2PC STITCHED,jw2242024S-GREEN-EXS-REG,Formal,2 Piece,Women Formals,10790,4316,6474,60,On Sale,Budget,Very High (60%+),27990,15.42,Available,PKR,100,1.14,60,100,65.28,31/08/2026
J-087,31/08/2026,J.,BLUE RAW SILK EMBROIDERED CO-ORD SET,JPS264002S-BLUE-EXS-REG,Formal,Other,Women Formals,12990,12990,0,0,Regular Price,Mid Range,No Discount,27990,46.41,Available,PKR,100,1.14,60,100,65.28,31/08/2026
J-088,31/08/2026,J.,GREEN DOBBY EMBROIDERED STITCHED 3PC,JPS264024S-GREEN-EXS-REG,Formal,3 Piece,Women Formals,17990,17990,0,0,Regular Price,Premium,No Discount,27990,64.27,Available,PKR,100,1.14,60,100,65.28,31/08/2026
J-089,31/08/2026,J.,WHITE RAW SILK EMBROIDERED STITCHED 3PC,JPS264027S-WHITE-EXS-REG,Formal,3 Piece,Women Formals,17990,17990,0,0,Regular Price,Premium,No Discount,27990,64.27,Available,PKR,100,1.14,60,100,65.28,31/08/2026
J-090,31/08/2026,J.,MAROON KHADDI EMBROIDERED STITCHED 3PC,JPS264032S-RED-EXS-REG,Formal,3 Piece,Women Formals,29990,29990,0,0,Regular Price,Premium,No Discount,27990,107.15,Available,PKR,100,1.14,60,100,65.28,31/08/2026
J-091,31/08/2026,J.,BLUE RAW SILK EMBROIDERED STITCHED 3PC,JPS264007S-BLUE-EXS-REG,Formal,3 Piece,Women Formals,14990,14990,0,0,Regular Price,Mid Range,No Discount,27990,53.55,Available,PKR,100,1.14,60,100,65.28,31/08/2026
J-092,31/08/2026,J.,GREEN DOBBY EMBROIDERED STITCHED 3PC,JPS264026S-GREEN-EXS-REG,Formal,3 Piece,Women Formals,17990,17990,0,0,Regular Price,Premium,No Discount,27990,64.27,Available,PKR,100,1.14,60,100,65.28,31/08/2026
J-093,31/08/2026,J.,PINK COTTON NET EMBROIDERED STITCHED 3PC,JPS264036S-PINK-EXS-REG,Formal,3 Piece,Women Formals,24990,24990,0,0,Regular Price,Premium,No Discount,27990,89.28,Available,PKR,100,1.14,60,100,65.28,31/08/2026
J-094,31/08/2026,J.,BLUE POLYNET EMBROIDERED STITCHED 3PC,JPS264029S-BLUE-EXS-REG,Formal,3 Piece,Women Formals,14990,14990,0,0,Regular Price,Mid Range,No Discount,27990,53.55,Available,PKR,100,1.14,60,100,65.28,31/08/2026
J-095,31/08/2026,J.,Sea Green Polynet Embroidered Stitched 3Pc,JPS264077S-GREEN-EXS-REG,Formal,3 Piece,Women Formals,18990,18990,0,0,Regular Price,Premium,No Discount,27990,67.85,Available,PKR,100,1.14,60,100,65.28,31/08/2026
J-096,31/08/2026,J.,Light Pink Raw Silk Embroidered Co-Ord Set,JPS264051S-PINK-EXS-REG,Formal,Other,Women Formals,13990,13990,0,0,Regular Price,Mid Range,No Discount,27990,49.98,Available,PKR,100,1.14,60,100,65.28,31/08/2026
J-097,31/08/2026,J.,GOLDEN RAW SILK EMBROIDERED STITCHED 3PC,JPS264008S-GOLD-EXS-REG,Formal,3 Piece,Women Formals,18990,18990,0,0,Regular Price,Premium,No Discount,27990,67.85,Available,PKR,100,1.14,60,100,65.28,31/08/2026
J-098,31/08/2026,J.,SILVER EMBROIDERED STITCHED 3PC,JPS264063S-SILVER-EXS-REG,Formal,3 Piece,Women Formals,16990,16990,0,0,Regular Price,Premium,No Discount,27990,60.7,Available,PKR,100,1.14,60,100,65.28,31/08/2026
J-099,31/08/2026,J.,GREEN RAW SILK EMBROIDERED STITCHED 3PC,JPS264080S-GREEN-EXS-REG,Formal,3 Piece,Women Formals,27990,27990,0,0,Regular Price,Premium,No Discount,27990,100,Available,PKR,100,1.14,60,100,65.28,31/08/2026
J-100,31/08/2026,J.,Light Blue Raw Silk Embroidered Co-Ord Set,JPS264050S-BLUE-EXS-REG,Formal,Other,Women Formals,15990,15990,0,0,Regular Price,Premium,No Discount,27990,57.13,Available,PKR,100,1.14,60,100,65.28,31/08/2026
MAR-001,31/08/2026,Maria.B,3 Piece Embroidered Chiffon Suit,MP26012-999-AUG,Unstitched,3 Piece,Unstitched,36990,36990,0,0,Regular Price,Luxury,No Discount,6900,536.09,Available,PKR,0,21.26,80,100,45.32,31/08/2026
MAR-002,31/08/2026,Maria.B,3 Piece Embroidered Chiffon Suit,MP26022-999-ORB,Unstitched,3 Piece,Unstitched,36990,36990,0,0,Regular Price,Luxury,No Discount,6900,536.09,Available,PKR,0,21.26,80,100,45.32,31/08/2026
MAR-003,31/08/2026,Maria.B,3 Piece Embroidered Chiffon Suit,MP26032-999-WBE,Unstitched,3 Piece,Unstitched,35990,35990,0,0,Regular Price,Luxury,No Discount,6900,521.59,Available,PKR,0,21.26,80,100,45.32,31/08/2026
MAR-004,31/08/2026,Maria.B,3 Piece Embroidered Chiffon Suit,MP26052-999-MTD,Unstitched,3 Piece,Unstitched,35990,35990,0,0,Regular Price,Luxury,No Discount,6900,521.59,Available,PKR,0,21.26,80,100,45.32,31/08/2026
MAR-005,31/08/2026,Maria.B,3 Piece Embroidered Chiffon Suit,MP26062-999-MTB,Unstitched,3 Piece,Unstitched,35990,35990,0,0,Regular Price,Luxury,No Discount,6900,521.59,Available,PKR,0,21.26,80,100,45.32,31/08/2026
MAR-006,31/08/2026,Maria.B,3 Piece Embroidered Chiffon Suit,MP26082-999-PTS,Unstitched,3 Piece,Unstitched,33990,33990,0,0,Regular Price,Luxury,No Discount,6900,492.61,Available,PKR,0,21.26,80,100,45.32,31/08/2026
MAR-007,31/08/2026,Maria.B,3 Piece Unstitched Embroidered Lawn Suit,EL02615-999-AQA,Unstitched,3 Piece,Unstitched,17990,17990,0,0,Regular Price,Premium,No Discount,6900,260.72,Available,PKR,0,21.26,80,100,45.32,31/08/2026
MAR-008,31/08/2026,Maria.B,3 Piece Unstitched Embroidered Lawn Suit,EL02614-999-PRP,Unstitched,3 Piece,Unstitched,18790,18790,0,0,Regular Price,Premium,No Discount,6900,272.32,Available,PKR,0,21.26,80,100,45.32,31/08/2026
MAR-009,31/08/2026,Maria.B,3 Piece Unstitched Embroidered Lawn Suit,EL02613-999-0RT,Unstitched,3 Piece,Unstitched,18790,18790,0,0,Regular Price,Premium,No Discount,6900,272.32,Available,PKR,0,21.26,80,100,45.32,31/08/2026
MAR-010,31/08/2026,Maria.B,3 Piece Unstitched Embroidered Lawn Suit,EL02612-999-LIA,Unstitched,3 Piece,Unstitched,19490,19490,0,0,Regular Price,Premium,No Discount,6900,282.46,Available,PKR,0,21.26,80,100,45.32,31/08/2026
MAR-011,31/08/2026,Maria.B,3 Piece Unstitched Embroidered Jacquard Lawn Suit,EL02611-999-SAB,Unstitched,3 Piece,Unstitched,17990,17990,0,0,Regular Price,Premium,No Discount,6900,260.72,Available,PKR,0,21.26,80,100,45.32,31/08/2026
MAR-012,31/08/2026,Maria.B,3 Piece Unstitched Embroidered Lawn Suit,EL02610-999-BLK,Unstitched,3 Piece,Unstitched,19490,19490,0,0,Regular Price,Premium,No Discount,6900,282.46,Available,PKR,0,21.26,80,100,45.32,31/08/2026
MAR-013,31/08/2026,Maria.B,3 Piece Unstitched Embroidered Lawn Suit,EL02609-999-PLP,Unstitched,3 Piece,Unstitched,17990,17990,0,0,Regular Price,Premium,No Discount,6900,260.72,Available,PKR,0,21.26,80,100,45.32,31/08/2026
MAR-014,31/08/2026,Maria.B,3 Piece Unstitched Embroidered Lawn Suit,EL02607-999-MTD,Unstitched,3 Piece,Unstitched,19490,19490,0,0,Regular Price,Premium,No Discount,6900,282.46,Available,PKR,0,21.26,80,100,45.32,31/08/2026
MAR-015,31/08/2026,Maria.B,3 Piece Unstitched Embroidered Lawn Suit,EL02606-999-TEL,Unstitched,3 Piece,Unstitched,19490,19490,0,0,Regular Price,Premium,No Discount,6900,282.46,Available,PKR,0,21.26,80,100,45.32,31/08/2026
MAR-016,31/08/2026,Maria.B,3 Piece Unstitched Embroidered Jacquard Lawn Suit,EL02605-999-RRD,Unstitched,3 Piece,Unstitched,17990,17990,0,0,Regular Price,Premium,No Discount,6900,260.72,Available,PKR,0,21.26,80,100,45.32,31/08/2026
MAR-017,31/08/2026,Maria.B,3 Piece Unstitched Embroidered Lawn Suit,EL02604-999-EGR,Unstitched,3 Piece,Unstitched,18790,18790,0,0,Regular Price,Premium,No Discount,6900,272.32,Available,PKR,0,21.26,80,100,45.32,31/08/2026
MAR-018,31/08/2026,Maria.B,3 Piece Unstitched Embroidered Lawn Suit,EL02603-999-OFW,Unstitched,3 Piece,Unstitched,18790,18790,0,0,Regular Price,Premium,No Discount,6900,272.32,Available,PKR,0,21.26,80,100,45.32,31/08/2026
MAR-019,31/08/2026,Maria.B,3 Piece Unstitched Embroidered Jacquard Lawn Suit,EL02601-999-IRY,Unstitched,3 Piece,Unstitched,19490,19490,0,0,Regular Price,Premium,No Discount,6900,282.46,Available,PKR,0,21.26,80,100,45.32,31/08/2026
MAR-020,31/08/2026,Maria.B,3 Piece Unstitched Embroidered Jacquard Suit,MPA3002-999-00A,Unstitched,3 Piece,Unstitched,9990,9990,0,0,Regular Price,Mid Range,No Discount,6900,144.78,Available,PKR,0,21.26,80,100,45.32,31/08/2026
MAR-021,31/08/2026,Maria.B,3 Piece Unstitched Embroidered Jacquard Suit,MPB3002-999-00B,Unstitched,3 Piece,Unstitched,9990,9990,0,0,Regular Price,Mid Range,No Discount,6900,144.78,Available,PKR,0,21.26,80,100,45.32,31/08/2026
MAR-022,31/08/2026,Maria.B,3 Piece Unstitched Embroidered Lawn Suit,MPA3003-999-00A,Unstitched,3 Piece,Unstitched,10490,10490,0,0,Regular Price,Mid Range,No Discount,6900,152.03,Available,PKR,0,21.26,80,100,45.32,31/08/2026
MAR-023,31/08/2026,Maria.B,3 Piece Unstitched Embroidered Lawn Suit,MPB3003-999-00B,Unstitched,3 Piece,Unstitched,10490,10490,0,0,Regular Price,Mid Range,No Discount,6900,152.03,Available,PKR,0,21.26,80,100,45.32,31/08/2026
MAR-024,31/08/2026,Maria.B,3 Piece Unstitched Embroidered Lawn Suit,MPB3004-999-00B,Unstitched,3 Piece,Unstitched,10490,10490,0,0,Regular Price,Mid Range,No Discount,6900,152.03,Available,PKR,0,21.26,80,100,45.32,31/08/2026
MAR-025,31/08/2026,Maria.B,3 Piece Unstitched Embroidered Lawn Suit,MPA3005-999-00A,Unstitched,3 Piece,Unstitched,10990,10990,0,0,Regular Price,Mid Range,No Discount,6900,159.28,Available,PKR,0,21.26,80,100,45.32,31/08/2026
MAR-026,31/08/2026,Maria.B,3 Piece Embroidered Lawn Suit,UPF262A-SML-00A,Stitched,3 Piece,Stitched,12990,11691,1299,10,On Sale,Mid Range,Low (1-19%),22491,51.98,Available,PKR,0,21.26,80,100,45.32,31/08/2026
MAR-027,31/08/2026,Maria.B,3 Piece Embroidered Dobby Lawn Suit,UF2635B-SML-00B,Stitched,3 Piece,Stitched,25990,23391,2599,10,On Sale,Premium,Low (1-19%),22491,104,Available,PKR,0,21.26,80,100,45.32,31/08/2026
MAR-028,31/08/2026,Maria.B,3 Piece Embroidered Dobby Lawn Suit,UF2635A-SML-00A,Stitched,3 Piece,Stitched,24990,22491,2499,10,On Sale,Premium,Low (1-19%),22491,100,Available,PKR,0,21.26,80,100,45.32,31/08/2026
MAR-029,31/08/2026,Maria.B,2 Piece Embroidered Lawn Suit,UF2634A-SML-00A,Stitched,2 Piece,Stitched,24990,22491,2499,10,On Sale,Premium,Low (1-19%),22491,100,Available,PKR,0,21.26,80,100,45.32,31/08/2026
MAR-030,31/08/2026,Maria.B,3 Piece Embroidered Paper Cotton Suit,UF2633A-SML-00A,Stitched,3 Piece,Stitched,24990,22491,2499,10,On Sale,Premium,Low (1-19%),22491,100,Available,PKR,0,21.26,80,100,45.32,31/08/2026
MAR-031,31/08/2026,Maria.B,2 Piece Embroidered Lawn Suit,UF2625A-SML-00A,Stitched,2 Piece,Stitched,23990,21591,2399,10,On Sale,Premium,Low (1-19%),22491,96,Available,PKR,0,21.26,80,100,45.32,31/08/2026
MAR-032,31/08/2026,Maria.B,2 Piece Embroidered Lawn Suit,UF2621A-SML-00A,Stitched,2 Piece,Stitched,21990,19791,2199,10,On Sale,Premium,Low (1-19%),22491,88,Available,PKR,0,21.26,80,100,45.32,31/08/2026
MAR-033,31/08/2026,Maria.B,2 Piece Embroidered Brochia Suit,UF2619A-SML-00A,Stitched,2 Piece,Stitched,20990,18891,2099,10,On Sale,Premium,Low (1-19%),22491,83.99,Available,PKR,0,21.26,80,100,45.32,31/08/2026
MAR-034,31/08/2026,Maria.B,3 Piece Printed Lawn Suit,UPF267B-SML-00B,Stitched,3 Piece,Stitched,14990,13491,1499,10,On Sale,Mid Range,Low (1-19%),22491,59.98,Available,PKR,0,21.26,80,100,45.32,31/08/2026
MAR-035,31/08/2026,Maria.B,3 Piece Printed Lawn Suit,UPF267A-SML-00A,Stitched,3 Piece,Stitched,14990,13491,1499,10,On Sale,Mid Range,Low (1-19%),22491,59.98,Available,PKR,0,21.26,80,100,45.32,31/08/2026
MAR-036,31/08/2026,Maria.B,3 Piece Printed Lawn Suit,UPF265A-SML-00A,Stitched,3 Piece,Stitched,14990,13491,1499,10,On Sale,Mid Range,Low (1-19%),22491,59.98,Available,PKR,0,21.26,80,100,45.32,31/08/2026
MAR-037,31/08/2026,Maria.B,3 Piece Printed Lawn Suit,UPF263A-SML-00A,Stitched,3 Piece,Stitched,11990,10791,1199,10,On Sale,Mid Range,Low (1-19%),22491,47.98,Available,PKR,0,21.26,80,100,45.32,31/08/2026
MAR-038,31/08/2026,Maria.B,3 Piece Embroidered Lawn Suit,UF2618A-SML-00A,Stitched,3 Piece,Stitched,21990,19791,2199,10,On Sale,Premium,Low (1-19%),22491,88,Available,PKR,0,21.26,80,100,45.32,31/08/2026
MAR-039,31/08/2026,Maria.B,2 Piece Embroidered Lawn Suit,UF2617A-SML-00A,Stitched,2 Piece,Stitched,23990,21591,2399,10,On Sale,Premium,Low (1-19%),22491,96,Available,PKR,0,21.26,80,100,45.32,31/08/2026
MAR-040,31/08/2026,Maria.B,2 Piece Embroidered Lawn Suit,UF2615A-SML-00A,Stitched,2 Piece,Stitched,23990,21591,2399,10,On Sale,Premium,Low (1-19%),22491,96,Available,PKR,0,21.26,80,100,45.32,31/08/2026
MAR-041,31/08/2026,Maria.B,3 Piece Embroidered Lawn Suit,ELS2615-SML-AQA,Stitched,3 Piece,Stitched,29990,29990,0,0,Regular Price,Premium,No Discount,22491,133.34,Available,PKR,0,21.26,80,100,45.32,31/08/2026
MAR-042,31/08/2026,Maria.B,3 Piece Embroidered Lawn Suit,ELS2614-SML-PRP,Stitched,3 Piece,Stitched,30790,30790,0,0,Regular Price,Luxury,No Discount,22491,136.9,Available,PKR,0,21.26,80,100,45.32,31/08/2026
MAR-043,31/08/2026,Maria.B,3 Piece Embroidered Lawn Suit,ELS2613-SML-0RT,Stitched,3 Piece,Stitched,30790,30790,0,0,Regular Price,Luxury,No Discount,22491,136.9,Available,PKR,0,21.26,80,100,45.32,31/08/2026
MAR-044,31/08/2026,Maria.B,3 Piece Embroidered Jacquard Lawn Suit,ELSB611-SML-SAB,Stitched,3 Piece,Stitched,29990,29990,0,0,Regular Price,Premium,No Discount,22491,133.34,Available,PKR,0,21.26,80,100,45.32,31/08/2026
MAR-045,31/08/2026,Maria.B,3 Piece Embroidered Jacquard Lawn Suit,ELSA611-SML-SAB,Stitched,3 Piece,Stitched,27990,27990,0,0,Regular Price,Premium,No Discount,22491,124.45,Available,PKR,0,21.26,80,100,45.32,31/08/2026
MAR-046,31/08/2026,Maria.B,3 Piece Embroidered Lawn Suit,ELSA610-SML-BLK,Stitched,3 Piece,Stitched,29990,29990,0,0,Regular Price,Premium,No Discount,22491,133.34,Available,PKR,0,21.26,80,100,45.32,31/08/2026
MAR-047,31/08/2026,Maria.B,3 Piece Embroidered Lawn Suit,ELS2609-SML-PLP,Stitched,3 Piece,Stitched,29990,29990,0,0,Regular Price,Premium,No Discount,22491,133.34,Available,PKR,0,21.26,80,100,45.32,31/08/2026
MAR-048,31/08/2026,Maria.B,3 Piece Embroidered Lawn Suit,ELS2607-SML-MTD,Stitched,3 Piece,Stitched,29990,29990,0,0,Regular Price,Premium,No Discount,22491,133.34,Available,PKR,0,21.26,80,100,45.32,31/08/2026
MAR-049,31/08/2026,Maria.B,3 Piece Embroidered Lawn Suit,ELS2606-SML-TEL,Stitched,3 Piece,Stitched,31490,31490,0,0,Regular Price,Luxury,No Discount,22491,140.01,Available,PKR,0,21.26,80,100,45.32,31/08/2026
MAR-050,31/08/2026,Maria.B,3 Piece Embroidered Jacquard Lawn Suit,ELS2605-SML-RRD,Stitched,3 Piece,Stitched,29990,29990,0,0,Regular Price,Premium,No Discount,22491,133.34,Available,PKR,0,21.26,80,100,45.32,31/08/2026
MAR-051,31/08/2026,Maria.B,3 Piece Printed Lawn Suit,DWF29R1-ESM-BPT,Luxury Pret,3 Piece,Luxury Pret,17990,17990,0,0,Regular Price,Premium,No Discount,23490,76.59,Available,PKR,0,21.26,80,100,45.32,31/08/2026
MAR-052,31/08/2026,Maria.B,3 Piece Embroidered Dobby Lawn Suit,DWE2661-ESM-BLK,Luxury Pret,3 Piece,Luxury Pret,25990,25990,0,0,Regular Price,Premium,No Discount,23490,110.64,Available,PKR,0,21.26,80,100,45.32,31/08/2026
MAR-053,31/08/2026,Maria.B,2 Piece Embroidered Raw Silk Suit,DWE2614-ESM-BLK,Luxury Pret,2 Piece,Luxury Pret,17990,17990,0,0,Regular Price,Premium,No Discount,23490,76.59,Available,PKR,0,21.26,80,100,45.32,31/08/2026
MAR-054,31/08/2026,Maria.B,3 Piece Embroidered Dobby Lawn Suit,DWE2663-ESM-GRN,Luxury Pret,3 Piece,Luxury Pret,26990,26990,0,0,Regular Price,Premium,No Discount,23490,114.9,Available,PKR,0,21.26,80,100,45.32,31/08/2026
MAR-055,31/08/2026,Maria.B,3 Piece Embroidered Lawn Suit,DWE01R1-ESM-RED,Luxury Pret,3 Piece,Luxury Pret,22990,22990,0,0,Regular Price,Premium,No Discount,23490,97.87,Available,PKR,0,21.26,80,100,45.32,31/08/2026
MAR-056,31/08/2026,Maria.B,3 Piece Embellished Cotton Net Suit,DWA2519-ESM-PNK,Luxury Pret,3 Piece,Luxury Pret,17990,17990,0,0,Regular Price,Premium,No Discount,23490,76.59,Available,PKR,0,21.26,80,100,45.32,31/08/2026
MAR-057,31/08/2026,Maria.B,3 Piece Embroidered Lawn Suit,DWE2605-ESM-BLU,Luxury Pret,3 Piece,Luxury Pret,27990,27990,0,0,Regular Price,Premium,No Discount,23490,119.16,Available,PKR,0,21.26,80,100,45.32,31/08/2026
MAR-058,31/08/2026,Maria.B,3 Piece Embroidered Self Jacquard Suit,DW117R1-ESM-COF,Luxury Pret,3 Piece,Luxury Pret,23990,23990,0,0,Regular Price,Premium,No Discount,23490,102.13,Available,PKR,0,21.26,80,100,45.32,31/08/2026
MAR-059,31/08/2026,Maria.B,3 Piece Embroidered Lawn Suit,DW108R1-ESM-PRP,Luxury Pret,3 Piece,Luxury Pret,20990,20990,0,0,Regular Price,Premium,No Discount,23490,89.36,Available,PKR,0,21.26,80,100,45.32,31/08/2026
MAR-060,31/08/2026,Maria.B,3 Piece Embroidered Lawn Suit,DWE2662-ESM-OFW,Luxury Pret,3 Piece,Luxury Pret,27990,27990,0,0,Regular Price,Premium,No Discount,23490,119.16,Available,PKR,0,21.26,80,100,45.32,31/08/2026
MAR-061,31/08/2026,Maria.B,3 Piece Embroidered Lawn Suit,DWE2623-ESM-OFW,Luxury Pret,3 Piece,Luxury Pret,29990,29990,0,0,Regular Price,Premium,No Discount,23490,127.67,Available,PKR,0,21.26,80,100,45.32,31/08/2026
MAR-062,31/08/2026,Maria.B,3 Piece Embroidered Self Jacquard Suit,DW117R1-ESM-BLK,Luxury Pret,3 Piece,Luxury Pret,23990,23990,0,0,Regular Price,Premium,No Discount,23490,102.13,Available,PKR,0,21.26,80,100,45.32,31/08/2026
MAR-063,31/08/2026,Maria.B,3 Piece Embroidered Dobby Suit,DWE30R1-ESM-WHT,Luxury Pret,3 Piece,Luxury Pret,22990,22990,0,0,Regular Price,Premium,No Discount,23490,97.87,Available,PKR,0,21.26,80,100,45.32,31/08/2026
MAR-064,31/08/2026,Maria.B,3 Piece Embroidered Lawn Suit,DWF2401-ESM-PNK,Luxury Pret,3 Piece,Luxury Pret,20990,20990,0,0,Regular Price,Premium,No Discount,23490,89.36,Available,PKR,0,21.26,80,100,45.32,31/08/2026
MAR-065,31/08/2026,Maria.B,3 Piece Embroidered Lawn Suit,DW233R1-ESM-OFW,Luxury Pret,3 Piece,Luxury Pret,20990,20990,0,0,Regular Price,Premium,No Discount,23490,89.36,Available,PKR,0,21.26,80,100,45.32,31/08/2026
MAR-066,31/08/2026,Maria.B,2 Piece Printed Lawn Suit,PSPF249-ESM-RED,Luxury Pret,2 Piece,Luxury Pret,8490,8490,0,0,Regular Price,Mid Range,No Discount,23490,36.14,Available,PKR,0,21.26,80,100,45.32,31/08/2026
MAR-067,31/08/2026,Maria.B,2 Piece Printed Lawn Suit,PSPF249-ESM-BLK,Luxury Pret,2 Piece,Luxury Pret,8490,8490,0,0,Regular Price,Mid Range,No Discount,23490,36.14,Available,PKR,0,21.26,80,100,45.32,31/08/2026
MAR-068,31/08/2026,Maria.B,3 Piece Printed Lawn Suit,PSPF242-ESM-OFW,Luxury Pret,3 Piece,Luxury Pret,9490,9490,0,0,Regular Price,Mid Range,No Discount,23490,40.4,Available,PKR,0,21.26,80,100,45.32,31/08/2026
MAR-069,31/08/2026,Maria.B,3 Piece Printed Lawn Suit,PSPF242-ESM-BEG,Luxury Pret,3 Piece,Luxury Pret,9490,9490,0,0,Regular Price,Mid Range,No Discount,23490,40.4,Available,PKR,0,21.26,80,100,45.32,31/08/2026
MAR-070,31/08/2026,Maria.B,3 Piece Printed Lawn Suit,PSPF241-ESM-OFW,Luxury Pret,3 Piece,Luxury Pret,9490,9490,0,0,Regular Price,Mid Range,No Discount,23490,40.4,Available,PKR,0,21.26,80,100,45.32,31/08/2026
MAR-071,31/08/2026,Maria.B,3 Piece Printed Lawn Suit,PSPF241-ESM-BEG,Luxury Pret,3 Piece,Luxury Pret,9490,9490,0,0,Regular Price,Mid Range,No Discount,23490,40.4,Available,PKR,0,21.26,80,100,45.32,31/08/2026
MAR-072,31/08/2026,Maria.B,3 Piece Embroidered Cotton Net Suit,DWF88R1-ESM-PCH,Luxury Pret,3 Piece,Luxury Pret,28490,28490,0,0,Regular Price,Premium,No Discount,23490,121.29,Available,PKR,0,21.26,80,100,45.32,31/08/2026
MAR-073,31/08/2026,Maria.B,3 Piece Embroidered Double Warp Silk Suit,DWE2658-ESM-MRN,Luxury Pret,3 Piece,Luxury Pret,21990,21990,0,0,Regular Price,Premium,No Discount,23490,93.61,Available,PKR,0,21.26,80,100,45.32,31/08/2026
MAR-074,31/08/2026,Maria.B,3 Piece Embroidered Lawn Suit,DW26200-ESM-BLU,Luxury Pret,3 Piece,Luxury Pret,24990,24990,0,0,Regular Price,Premium,No Discount,23490,106.39,Available,PKR,0,21.26,80,100,45.32,31/08/2026
MAR-075,31/08/2026,Maria.B,3 Piece Embroidered Lawn Suit,DWE2607-ESM-TEL,Luxury Pret,3 Piece,Luxury Pret,26990,26990,0,0,Regular Price,Premium,No Discount,23490,114.9,Available,PKR,0,21.26,80,100,45.32,31/08/2026
MAR-076,31/08/2026,Maria.B,3 Piece Embroidered Raw Silk Suit,SFA2624-ESM-LYL,Formal,3 Piece,Luxury Formals,45990,45990,0,0,Regular Price,Luxury,No Discount,27990,164.31,Available,PKR,0,21.26,80,100,45.32,31/08/2026
MAR-077,31/08/2026,Maria.B,3 Piece Embroidered Organza Suit,S2505R1-ESM-OFW,Formal,3 Piece,Luxury Formals,47990,47990,0,0,Regular Price,Luxury,No Discount,27990,171.45,Available,PKR,0,21.26,80,100,45.32,31/08/2026
MAR-078,31/08/2026,Maria.B,3 Piece Embroidered Zari Net Suit,SFW2537-ESM-PRP,Formal,3 Piece,Luxury Formals,46990,46990,0,0,Regular Price,Luxury,No Discount,27990,167.88,Available,PKR,0,21.26,80,100,45.32,31/08/2026
MAR-079,31/08/2026,Maria.B,3 Piece Embroidered Net Suit,SFW2524-ESM-SGR,Formal,3 Piece,Luxury Formals,55990,55990,0,0,Regular Price,Luxury,No Discount,27990,200.04,Available,PKR,0,21.26,80,100,45.32,31/08/2026
MAR-080,31/08/2026,Maria.B,Embellished Charmeuse Saree,SFP2608-ESM-OFW,Formal,Saree,Luxury Formals,43990,43990,0,0,Regular Price,Luxury,No Discount,27990,157.16,Available,PKR,0,21.26,80,100,45.32,31/08/2026
MAR-081,31/08/2026,Maria.B,Embellished Charmeuse Saree,SFP2608-ESM-AQA,Formal,Saree,Luxury Formals,43990,43990,0,0,Regular Price,Luxury,No Discount,27990,157.16,Available,PKR,0,21.26,80,100,45.32,31/08/2026
MAR-082,31/08/2026,Maria.B,3 Piece Embroidered Raw Silk Suit,SFA2624-ESM-IBU,Formal,3 Piece,Luxury Formals,45990,45990,0,0,Regular Price,Luxury,No Discount,27990,164.31,Available,PKR,0,21.26,80,100,45.32,31/08/2026
MAR-083,31/08/2026,Maria.B,3 Piece Embroidered Chiffon Suit,S2518R1-ESM-SKN,Formal,3 Piece,Luxury Formals,45990,45990,0,0,Regular Price,Luxury,No Discount,27990,164.31,Available,PKR,0,21.26,80,100,45.32,31/08/2026
MAR-084,31/08/2026,Maria.B,3 Piece Embroidered Raw Silk Suit,SFP2610-ESM-PNK,Formal,3 Piece,Luxury Formals,43990,43990,0,0,Regular Price,Luxury,No Discount,27990,157.16,Available,PKR,0,21.26,80,100,45.32,31/08/2026
MAR-085,31/08/2026,Maria.B,3 Piece Embroidered Raw Silk Suit,SFE2627-ESM-TEL,Formal,3 Piece,Luxury Formals,45990,45990,0,0,Regular Price,Luxury,No Discount,27990,164.31,Available,PKR,0,21.26,80,100,45.32,31/08/2026
MAR-086,31/08/2026,Maria.B,3 Piece Embroidered Tissue Silk Suit,SFA2637-ESM-GRY,Formal,3 Piece,Luxury Formals,47990,47990,0,0,Regular Price,Luxury,No Discount,27990,171.45,Available,PKR,0,21.26,80,100,45.32,31/08/2026
MAR-087,31/08/2026,Maria.B,3 Piece Embroidered Tissue Silk Suit,SFA2612-ESM-PNK,Formal,3 Piece,Luxury Formals,48990,48990,0,0,Regular Price,Luxury,No Discount,27990,175.03,Available,PKR,0,21.26,80,100,45.32,31/08/2026
MAR-088,31/08/2026,Maria.B,3 Piece Embroidered Raw Silk Suit,SFP2603-ESM-GRN,Formal,3 Piece,Luxury Formals,47990,47990,0,0,Regular Price,Luxury,No Discount,27990,171.45,Available,PKR,0,21.26,80,100,45.32,31/08/2026
MAR-089,31/08/2026,Maria.B,Embellished Chiffon Saree,SFP2602-ESM-BLK,Formal,Saree,Luxury Formals,39990,39990,0,0,Regular Price,Luxury,No Discount,27990,142.87,Available,PKR,0,21.26,80,100,45.32,31/08/2026
MAR-090,31/08/2026,Maria.B,3 Piece Embroidered Tissue Silk Suit,SFA2612-ESM-BLU,Formal,3 Piece,Luxury Formals,48990,48990,0,0,Regular Price,Luxury,No Discount,27990,175.03,Available,PKR,0,21.26,80,100,45.32,31/08/2026
MAR-091,31/08/2026,Maria.B,3 Piece Embroidered Raw Silk Suit,SFP2603-ESM-MTD,Formal,3 Piece,Luxury Formals,47990,47990,0,0,Regular Price,Luxury,No Discount,27990,171.45,Available,PKR,0,21.26,80,100,45.32,31/08/2026
MAR-092,31/08/2026,Maria.B,Embellished Chiffon Saree,SFP2602-ESM-GRY,Formal,Saree,Luxury Formals,39990,39990,0,0,Regular Price,Luxury,No Discount,27990,142.87,Available,PKR,0,21.26,80,100,45.32,31/08/2026
MAR-093,31/08/2026,Maria.B,3 Piece Embroidered Tissue Silk Suit,SFA2637-ESM-PNK,Formal,3 Piece,Luxury Formals,47990,47990,0,0,Regular Price,Luxury,No Discount,27990,171.45,Available,PKR,0,21.26,80,100,45.32,31/08/2026
MAR-094,31/08/2026,Maria.B,3 Piece Embroidered Raw Silk Suit,S2502R1-ESM-PNK,Formal,3 Piece,Luxury Formals,53990,53990,0,0,Regular Price,Luxury,No Discount,27990,192.89,Available,PKR,0,21.26,80,100,45.32,31/08/2026
MAR-095,31/08/2026,Maria.B,3 Piece Embroidered Raw Silk Suit,SFE2661-ESM-BRN,Formal,3 Piece,Luxury Formals,36990,36990,0,0,Regular Price,Luxury,No Discount,27990,132.15,Available,PKR,0,21.26,80,100,45.32,31/08/2026
MAR-096,31/08/2026,Maria.B,3 Piece Embroidered Raw Silk Suit,SFE2627-ESM-MRN,Formal,3 Piece,Luxury Formals,45990,45990,0,0,Regular Price,Luxury,No Discount,27990,164.31,Available,PKR,0,21.26,80,100,45.32,31/08/2026
MAR-097,31/08/2026,Maria.B,3 Piece Embroidered Raw Silk Suit,SFA2621-ESM-ORG,Formal,3 Piece,Luxury Formals,48990,48990,0,0,Regular Price,Luxury,No Discount,27990,175.03,Available,PKR,0,21.26,80,100,45.32,31/08/2026
MAR-098,31/08/2026,Maria.B,3 Piece Embroidered Self Tassel Silk Suit,MST2610-ESM-GRY,Formal,3 Piece,Luxury Formals,26990,26990,0,0,Regular Price,Premium,No Discount,27990,96.43,Available,PKR,0,21.26,80,100,45.32,31/08/2026
MAR-099,31/08/2026,Maria.B,3 Piece Embroidered Cotton Lurex Suit,SFE2630-ESM-SGR,Formal,3 Piece,Luxury Formals,56990,56990,0,0,Regular Price,Luxury,No Discount,27990,203.61,Available,PKR,0,21.26,80,100,45.32,31/08/2026
MAR-100,31/08/2026,Maria.B,3 Piece Embroidered Cotton Lurex Suit,SFE2630-ESM-OFW,Formal,3 Piece,Luxury Formals,56990,56990,0,0,Regular Price,Luxury,No Discount,27990,203.61,Available,PKR,0,21.26,80,100,45.32,31/08/2026
SAN-001,31/08/2026,Sana Safinaz,Unstitched Printed 3 Piece Lawn Suit,1E+12,Unstitched,3 Piece,Unstitched Fabric,4499,4499,0,0,Regular Price,Budget,No Discount,6900,65.2,Available,PKR,53.93,100,80,100,81.18,31/08/2026
SAN-002,31/08/2026,Sana Safinaz,Unstitched Printed 3 Piece Lawn Suit,1E+12,Unstitched,3 Piece,Unstitched Fabric,4499,4499,0,0,Regular Price,Budget,No Discount,6900,65.2,Available,PKR,53.93,100,80,100,81.18,31/08/2026
SAN-003,31/08/2026,Sana Safinaz,Unstitched Printed 3 Piece Lawn Suit,1E+12,Unstitched,3 Piece,Unstitched Fabric,4499,4499,0,0,Regular Price,Budget,No Discount,6900,65.2,Available,PKR,53.93,100,80,100,81.18,31/08/2026
SAN-004,31/08/2026,Sana Safinaz,Unstitched Printed 3 Piece Lawn Suit,1E+12,Unstitched,3 Piece,Unstitched Fabric,4499,4499,0,0,Regular Price,Budget,No Discount,6900,65.2,Available,PKR,53.93,100,80,100,81.18,31/08/2026
SAN-005,31/08/2026,Sana Safinaz,Unstitched Printed 3 Piece Lawn Suit,1E+12,Unstitched,3 Piece,Unstitched Fabric,4499,4499,0,0,Regular Price,Budget,No Discount,6900,65.2,Available,PKR,53.93,100,80,100,81.18,31/08/2026
SAN-006,31/08/2026,Sana Safinaz,Unstitched Printed 3 Piece Lawn Suit,1E+12,Unstitched,3 Piece,Unstitched Fabric,4499,4499,0,0,Regular Price,Budget,No Discount,6900,65.2,Available,PKR,53.93,100,80,100,81.18,31/08/2026
SAN-007,31/08/2026,Sana Safinaz,Unstitched Printed 3 Piece Lawn Suit,1E+12,Unstitched,3 Piece,Unstitched Fabric,4499,4499,0,0,Regular Price,Budget,No Discount,6900,65.2,Available,PKR,53.93,100,80,100,81.18,31/08/2026
SAN-008,31/08/2026,Sana Safinaz,Unstitched Printed 3 Piece Lawn Suit,1E+12,Unstitched,3 Piece,Unstitched Fabric,4499,4499,0,0,Regular Price,Budget,No Discount,6900,65.2,Available,PKR,53.93,100,80,100,81.18,31/08/2026
SAN-009,31/08/2026,Sana Safinaz,Unstitched Printed 2 Piece Lawn Suit,1E+12,Unstitched,2 Piece,Unstitched Fabric,2999,2999,0,0,Regular Price,Budget,No Discount,6900,43.46,Available,PKR,53.93,100,80,100,81.18,31/08/2026
SAN-010,31/08/2026,Sana Safinaz,Unstitched Printed 2 Piece Lawn Suit,1E+12,Unstitched,2 Piece,Unstitched Fabric,2999,2999,0,0,Regular Price,Budget,No Discount,6900,43.46,Available,PKR,53.93,100,80,100,81.18,31/08/2026
SAN-011,31/08/2026,Sana Safinaz,Unstitched Printed 2 Piece Lawn Suit,1E+12,Unstitched,2 Piece,Unstitched Fabric,2999,2999,0,0,Regular Price,Budget,No Discount,6900,43.46,Available,PKR,53.93,100,80,100,81.18,31/08/2026
SAN-012,31/08/2026,Sana Safinaz,Unstitched Printed 2 Piece Lawn Suit,1E+12,Unstitched,2 Piece,Unstitched Fabric,2999,2999,0,0,Regular Price,Budget,No Discount,6900,43.46,Available,PKR,53.93,100,80,100,81.18,31/08/2026
SAN-013,31/08/2026,Sana Safinaz,Unstitched Printed 2 Piece Lawn Suit,1E+12,Unstitched,2 Piece,Unstitched Fabric,2999,2999,0,0,Regular Price,Budget,No Discount,6900,43.46,Available,PKR,53.93,100,80,100,81.18,31/08/2026
SAN-014,31/08/2026,Sana Safinaz,Unstitched Printed 3 Piece Lawn Suit,1E+12,Unstitched,3 Piece,Unstitched Fabric,4499,4499,0,0,Regular Price,Budget,No Discount,6900,65.2,Available,PKR,53.93,100,80,100,81.18,31/08/2026
SAN-015,31/08/2026,Sana Safinaz,Unstitched Printed 3 Piece Lawn Suit,1E+12,Unstitched,3 Piece,Unstitched Fabric,4499,4499,0,0,Regular Price,Budget,No Discount,6900,65.2,Available,PKR,53.93,100,80,100,81.18,31/08/2026
SAN-016,31/08/2026,Sana Safinaz,Unstitched Printed 3 Piece Lawn Suit,1E+12,Unstitched,3 Piece,Unstitched Fabric,4499,4499,0,0,Regular Price,Budget,No Discount,6900,65.2,Available,PKR,53.93,100,80,100,81.18,31/08/2026
SAN-017,31/08/2026,Sana Safinaz,Unstitched Printed 3 Piece Lawn Suit,1E+12,Unstitched,3 Piece,Unstitched Fabric,4499,4499,0,0,Regular Price,Budget,No Discount,6900,65.2,Available,PKR,53.93,100,80,100,81.18,31/08/2026
SAN-018,31/08/2026,Sana Safinaz,Unstitched Printed 2 Piece Lawn Suit,1E+12,Unstitched,2 Piece,Unstitched Fabric,2999,2999,0,0,Regular Price,Budget,No Discount,6900,43.46,Available,PKR,53.93,100,80,100,81.18,31/08/2026
SAN-019,31/08/2026,Sana Safinaz,Unstitched Printed 2 Piece Lawn Suit,1E+12,Unstitched,2 Piece,Unstitched Fabric,2999,2999,0,0,Regular Price,Budget,No Discount,6900,43.46,Available,PKR,53.93,100,80,100,81.18,31/08/2026
SAN-020,31/08/2026,Sana Safinaz,Unstitched Embroidered 3 Piece Muzlin Suit,1E+12,Unstitched,3 Piece,Unstitched Fabric,8799,8799,0,0,Regular Price,Mid Range,No Discount,6900,127.52,Available,PKR,53.93,100,80,100,81.18,31/08/2026
SAN-021,31/08/2026,Sana Safinaz,Unstitched Embroidered 3 Piece Muzlin Suit,1E+12,Unstitched,3 Piece,Unstitched Fabric,8799,8799,0,0,Regular Price,Mid Range,No Discount,6900,127.52,Available,PKR,53.93,100,80,100,81.18,31/08/2026
SAN-022,31/08/2026,Sana Safinaz,Unstitched Embroidered 3 Piece Muzlin Suit,1E+12,Unstitched,3 Piece,Unstitched Fabric,8799,8799,0,0,Regular Price,Mid Range,No Discount,6900,127.52,Available,PKR,53.93,100,80,100,81.18,31/08/2026
SAN-023,31/08/2026,Sana Safinaz,Unstitched Embroidered 3 Piece Muzlin Suit,1E+12,Unstitched,3 Piece,Unstitched Fabric,8799,8799,0,0,Regular Price,Mid Range,No Discount,6900,127.52,Available,PKR,53.93,100,80,100,81.18,31/08/2026
SAN-024,31/08/2026,Sana Safinaz,Unstitched Embroidered 3 Piece Muzlin Suit,1E+12,Unstitched,3 Piece,Unstitched Fabric,10799,10799,0,0,Regular Price,Mid Range,No Discount,6900,156.51,Available,PKR,53.93,100,80,100,81.18,31/08/2026
SAN-025,31/08/2026,Sana Safinaz,Unstitched Embroidered 3 Piece Muzlin Suit,1E+12,Unstitched,3 Piece,Unstitched Fabric,10799,10799,0,0,Regular Price,Mid Range,No Discount,6900,156.51,Available,PKR,53.93,100,80,100,81.18,31/08/2026
SAN-026,31/08/2026,Sana Safinaz,Stitched Embroidered Lawn Suit,1E+12,Pret,Other,Ready to Wear,12999,12999,0,0,Regular Price,Mid Range,No Discount,9990,130.12,Available,PKR,53.93,100,80,100,81.18,31/08/2026
SAN-027,31/08/2026,Sana Safinaz,Stitched Embroidered Lawn Suit,1E+12,Pret,Other,Ready to Wear,13499,13499,0,0,Regular Price,Mid Range,No Discount,9990,135.13,Available,PKR,53.93,100,80,100,81.18,31/08/2026
SAN-028,31/08/2026,Sana Safinaz,Stitched Embroidered Lawn Shirt+ Shalwar,1E+12,Pret,Other,Ready to Wear,9099,9099,0,0,Regular Price,Mid Range,No Discount,9990,91.08,Available,PKR,53.93,100,80,100,81.18,31/08/2026
SAN-029,31/08/2026,Sana Safinaz,Stitched Embroidered Lawn Shirt+ Shalwar,1E+12,Pret,Other,Ready to Wear,7799,7799,0,0,Regular Price,Budget,No Discount,9990,78.07,Available,PKR,53.93,100,80,100,81.18,31/08/2026
SAN-030,31/08/2026,Sana Safinaz,Stitched Embroidered Lawn Shirt+ Shalwar,1E+12,Pret,Other,Ready to Wear,8499,8499,0,0,Regular Price,Mid Range,No Discount,9990,85.08,Available,PKR,53.93,100,80,100,81.18,31/08/2026
SAN-031,31/08/2026,Sana Safinaz,Stitched Embroidered Lawn Shirt+ Culotte,1E+12,Pret,Other,Ready to Wear,8399,8399,0,0,Regular Price,Mid Range,No Discount,9990,84.07,Available,PKR,53.93,100,80,100,81.18,31/08/2026
SAN-032,31/08/2026,Sana Safinaz,Stitched Embroidered Lawn Shirt+ Shalwar,1E+12,Pret,Other,Ready to Wear,9999,9999,0,0,Regular Price,Mid Range,No Discount,9990,100.09,Available,PKR,53.93,100,80,100,81.18,31/08/2026
SAN-033,31/08/2026,Sana Safinaz,Stitched Embroidered Lawn Shirt+ Shalwar,1E+12,Pret,Other,Ready to Wear,8999,8999,0,0,Regular Price,Mid Range,No Discount,9990,90.08,Available,PKR,53.93,100,80,100,81.18,31/08/2026
SAN-034,31/08/2026,Sana Safinaz,Stitched Embroidered Cambric Shirt+ Shalwar,1E+12,Pret,Other,Ready to Wear,5999,5999,0,0,Regular Price,Budget,No Discount,9990,60.05,Available,PKR,53.93,100,80,100,81.18,31/08/2026
SAN-035,31/08/2026,Sana Safinaz,Stitched Embroidered Lawn Suit,1E+12,Pret,Other,Ready to Wear,12399,12399,0,0,Regular Price,Mid Range,No Discount,9990,124.11,Available,PKR,53.93,100,80,100,81.18,31/08/2026
SAN-036,31/08/2026,Sana Safinaz,Stitched Embroidered Lawn Suit,1E+12,Pret,Other,Ready to Wear,10799,10799,0,0,Regular Price,Mid Range,No Discount,9990,108.1,Available,PKR,53.93,100,80,100,81.18,31/08/2026
SAN-037,31/08/2026,Sana Safinaz,Stitched Embroidered Lawn Shirt+ Shalwar,1E+12,Pret,Other,Ready to Wear,10499,10499,0,0,Regular Price,Mid Range,No Discount,9990,105.1,Available,PKR,53.93,100,80,100,81.18,31/08/2026
SAN-038,31/08/2026,Sana Safinaz,Stitched Embroidered Lawn Shirt+ Shalwar,1E+12,Pret,Other,Ready to Wear,7699,7699,0,0,Regular Price,Budget,No Discount,9990,77.07,Available,PKR,53.93,100,80,100,81.18,31/08/2026
SAN-039,31/08/2026,Sana Safinaz,Stitched Embroidered Chambray Shirt+ Culotte,1E+12,Pret,Other,Ready to Wear,9899,9899,0,0,Regular Price,Mid Range,No Discount,9990,99.09,Available,PKR,53.93,100,80,100,81.18,31/08/2026
SAN-040,31/08/2026,Sana Safinaz,Stitched Printed Lawn Suit,1E+12,Pret,Other,Ready to Wear,7699,7699,0,0,Regular Price,Budget,No Discount,9990,77.07,Available,PKR,53.93,100,80,100,81.18,31/08/2026
SAN-041,31/08/2026,Sana Safinaz,Stitched Embroidered Raw Silk Shirt+ Culotte,1E+12,Pret,Other,Ready to Wear,7999,7999,0,0,Regular Price,Budget,No Discount,9990,80.07,Available,PKR,53.93,100,80,100,81.18,31/08/2026
SAN-042,31/08/2026,Sana Safinaz,Stitched Printed Fancy Dobby Shirt+ Shalwar,1E+12,Pret,Other,Ready to Wear,6999,6999,0,0,Regular Price,Budget,No Discount,9990,70.06,Available,PKR,53.93,100,80,100,81.18,31/08/2026
SAN-043,31/08/2026,Sana Safinaz,Stitched Embroidered Lawn Suit,1E+12,Pret,Other,Ready to Wear,14499,14499,0,0,Regular Price,Mid Range,No Discount,9990,145.14,Available,PKR,53.93,100,80,100,81.18,31/08/2026
SAN-044,31/08/2026,Sana Safinaz,Stitched Printed Lawn Shirt+ Culotte,1E+12,Pret,Other,Ready to Wear,5499,5499,0,0,Regular Price,Budget,No Discount,9990,55.05,Available,PKR,53.93,100,80,100,81.18,31/08/2026
SAN-045,31/08/2026,Sana Safinaz,Stitched Printed Cambric Shirt+ Dupatta,1E+12,Pret,Shirt + Dupatta,Ready to Wear,5499,5499,0,0,Regular Price,Budget,No Discount,9990,55.05,Available,PKR,53.93,100,80,100,81.18,31/08/2026
SAN-046,31/08/2026,Sana Safinaz,Stitched Embroidered Lawn Shirt+ Shalwar,1E+12,Pret,Other,Ready to Wear,5499,5499,0,0,Regular Price,Budget,No Discount,9990,55.05,Available,PKR,53.93,100,80,100,81.18,31/08/2026
SAN-047,31/08/2026,Sana Safinaz,Stitched Printed Satin Shirt+ Shalwar,1E+12,Pret,Other,Ready to Wear,12999,12999,0,0,Regular Price,Mid Range,No Discount,9990,130.12,Available,PKR,53.93,100,80,100,81.18,31/08/2026
SAN-048,31/08/2026,Sana Safinaz,Stitched Embroidered Raw Silk Suit,1E+12,Pret,Other,Ready to Wear,19899,19899,0,0,Regular Price,Premium,No Discount,9990,199.19,Available,PKR,53.93,100,80,100,81.18,31/08/2026
SAN-049,31/08/2026,Sana Safinaz,Stitched Printed Satin Shirt+ Culotte,1E+12,Pret,Other,Ready to Wear,12999,12999,0,0,Regular Price,Mid Range,No Discount,9990,130.12,Available,PKR,53.93,100,80,100,81.18,31/08/2026
SAN-050,31/08/2026,Sana Safinaz,Stitched Printed Satin Shirt+ Dupatta,1E+12,Pret,Shirt + Dupatta,Ready to Wear,12999,12999,0,0,Regular Price,Mid Range,No Discount,9990,130.12,Available,PKR,53.93,100,80,100,81.18,31/08/2026
SAN-051,31/08/2026,Sana Safinaz,Stitched Luxury Embroidered Long Shirt + Bottom + Dupatta,1E+12,Luxury Pret,Shirt + Dupatta,Luxury Pret,136499,136499,0,0,Regular Price,Luxury,No Discount,23490,581.09,Available,PKR,53.93,100,80,100,81.18,31/08/2026
SAN-052,31/08/2026,Sana Safinaz,Stitched Luxury Shirt + Shalwar,1E+12,Luxury Pret,Other,Luxury Pret,47999,33599,14400,30,On Sale,Luxury,Medium (20-39%),23490,143.04,Available,PKR,53.93,100,80,100,81.18,31/08/2026
SAN-053,31/08/2026,Sana Safinaz,Stitched Luxury Dupatta,1E+12,Luxury Pret,Other,Luxury Pret,117599,117599,0,0,Regular Price,Luxury,No Discount,23490,500.63,Available,PKR,53.93,100,80,100,81.18,31/08/2026
SAN-054,31/08/2026,Sana Safinaz,Stitched Luxury Printed Shirt + Bottom,1E+12,Luxury Pret,Other,Luxury Pret,168599,168599,0,0,Regular Price,Luxury,No Discount,23490,717.75,Available,PKR,53.93,100,80,100,81.18,31/08/2026
SAN-055,31/08/2026,Sana Safinaz,Stitched Luxury Printed Shirt + Bottom,1E+12,Luxury Pret,Other,Luxury Pret,33999,27199,6800,20,On Sale,Premium,Medium (20-39%),23490,115.79,Available,PKR,53.93,100,80,100,81.18,31/08/2026
SAN-056,31/08/2026,Sana Safinaz,Stitched Luxury Printed Shirt + Bottom,1E+12,Luxury Pret,Other,Luxury Pret,52499,36749,15750,30,On Sale,Luxury,Medium (20-39%),23490,156.45,Available,PKR,53.93,100,80,100,81.18,31/08/2026
SAN-057,31/08/2026,Sana Safinaz,RC24-D-17T,1E+12,Luxury Pret,Other,Luxury Pret,9999,5000,4999,49.99,On Sale,Budget,High (40-59%),23490,21.29,Available,PKR,53.93,100,80,100,81.18,31/08/2026
SAN-058,31/08/2026,Sana Safinaz,RC24-D-17S,1E+12,Luxury Pret,Other,Luxury Pret,33799,16900,16899,50,On Sale,Premium,High (40-59%),23490,71.95,Available,PKR,53.93,100,80,100,81.18,31/08/2026
SAN-059,31/08/2026,Sana Safinaz,RC24-D-15T,1E+12,Luxury Pret,Other,Luxury Pret,10799,4320,6479,60,On Sale,Budget,Very High (60%+),23490,18.39,Available,PKR,53.93,100,80,100,81.18,31/08/2026
SAN-060,31/08/2026,Sana Safinaz,RC24-D-15S,1E+12,Luxury Pret,Other,Luxury Pret,31299,15650,15649,50,On Sale,Premium,High (40-59%),23490,66.62,Available,PKR,53.93,100,80,100,81.18,31/08/2026
SAN-061,31/08/2026,Sana Safinaz,RC24-D-12T,1E+12,Luxury Pret,Other,Luxury Pret,25299,10120,15179,60,On Sale,Mid Range,Very High (60%+),23490,43.08,Available,PKR,53.93,100,80,100,81.18,31/08/2026
SAN-062,31/08/2026,Sana Safinaz,RC24-D-06T,1E+12,Luxury Pret,Other,Luxury Pret,10399,5200,5199,50,On Sale,Budget,High (40-59%),23490,22.14,Available,PKR,53.93,100,80,100,81.18,31/08/2026
SAN-063,31/08/2026,Sana Safinaz,RC24-D-06S,1E+12,Luxury Pret,Other,Luxury Pret,29499,14750,14749,50,On Sale,Mid Range,High (40-59%),23490,62.79,Available,PKR,53.93,100,80,100,81.18,31/08/2026
SAN-064,31/08/2026,Sana Safinaz,Stitched A-Line Luxury Pret Shirt + Bottom,1E+12,Luxury Pret,Other,Luxury Pret,90299,90299,0,0,Regular Price,Luxury,No Discount,23490,384.41,Available,PKR,53.93,100,80,100,81.18,31/08/2026
SAN-065,31/08/2026,Sana Safinaz,Stitched Luxury Pret Shirt + Bottom,1E+12,Luxury Pret,Other,Luxury Pret,81199,32480,48719,60,On Sale,Luxury,Very High (60%+),23490,138.27,Available,PKR,53.93,100,80,100,81.18,31/08/2026
SAN-066,31/08/2026,Sana Safinaz,RC24-D-03T,1E+12,Luxury Pret,Other,Luxury Pret,11999,4800,7199,60,On Sale,Budget,Very High (60%+),23490,20.43,Available,PKR,53.93,100,80,100,81.18,31/08/2026
SAN-067,31/08/2026,Sana Safinaz,Stitched Luxury Embroidered Suit,1E+12,Luxury Pret,Other,Luxury Pret,109399,109399,0,0,Regular Price,Luxury,No Discount,23490,465.73,Available,PKR,53.93,100,80,100,81.18,31/08/2026
SAN-068,31/08/2026,Sana Safinaz,RC24-D-07T,1E+12,Luxury Pret,Other,Luxury Pret,11899,5950,5949,50,On Sale,Budget,High (40-59%),23490,25.33,Available,PKR,53.93,100,80,100,81.18,31/08/2026
SAN-069,31/08/2026,Sana Safinaz,RC24-D-10T,1E+12,Luxury Pret,Other,Luxury Pret,11299,4520,6779,60,On Sale,Budget,Very High (60%+),23490,19.24,Available,PKR,53.93,100,80,100,81.18,31/08/2026
SAN-070,31/08/2026,Sana Safinaz,RC24-D-21S,1E+12,Luxury Pret,Other,Luxury Pret,66470,26588,39882,60,On Sale,Premium,Very High (60%+),23490,113.19,Available,PKR,53.93,100,80,100,81.18,31/08/2026
SAN-071,31/08/2026,Sana Safinaz,Stitched Resort Set,1E+12,Luxury Pret,Other,Luxury Pret,30499,30499,0,0,Regular Price,Luxury,No Discount,23490,129.84,Available,PKR,53.93,100,80,100,81.18,31/08/2026
SAN-072,31/08/2026,Sana Safinaz,Stitched Resort Co-ord,1E+12,Luxury Pret,Other,Luxury Pret,41799,41799,0,0,Regular Price,Luxury,No Discount,23490,177.94,Available,PKR,53.93,100,80,100,81.18,31/08/2026
SAN-073,31/08/2026,Sana Safinaz,Stitched Resort Set,1E+12,Luxury Pret,Other,Luxury Pret,30499,30499,0,0,Regular Price,Luxury,No Discount,23490,129.84,Available,PKR,53.93,100,80,100,81.18,31/08/2026
SAN-074,31/08/2026,Sana Safinaz,Stitched Resort Coord,1E+12,Luxury Pret,Other,Luxury Pret,29099,29099,0,0,Regular Price,Premium,No Discount,23490,123.88,Available,PKR,53.93,100,80,100,81.18,31/08/2026
SAN-075,31/08/2026,Sana Safinaz,Stitched Resort Shirt + Bottom,1E+12,Luxury Pret,Other,Luxury Pret,28499,28499,0,0,Regular Price,Premium,No Discount,23490,121.32,Available,PKR,53.93,100,80,100,81.18,31/08/2026
SAN-076,31/08/2026,Sana Safinaz,SS24FOR220P2T,1E+12,Formal,Other,Formals,152219,60888,91331,60,On Sale,Luxury,Very High (60%+),27990,217.53,Available,PKR,53.93,100,80,100,81.18,31/08/2026
SAN-077,31/08/2026,Sana Safinaz,Luxury Dupatta,1E+12,Formal,Other,Formals,49499,34649,14850,30,On Sale,Luxury,Medium (20-39%),27990,123.79,Available,PKR,53.93,100,80,100,81.18,31/08/2026
SAN-078,31/08/2026,Sana Safinaz,FW24FOR317P3,1E+12,Formal,Other,Formals,64499,32250,32249,50,On Sale,Luxury,High (40-59%),27990,115.22,Available,PKR,53.93,100,80,100,81.18,31/08/2026
SAN-079,31/08/2026,Sana Safinaz,Stitched Luxury Embroidered Sleeveless Shirt + Bottom + Dupatta,1E+12,Formal,Shirt + Dupatta,Formals,127499,127499,0,0,Regular Price,Luxury,No Discount,27990,455.52,Available,PKR,53.93,100,80,100,81.18,31/08/2026
SAN-080,31/08/2026,Sana Safinaz,Stitched Luxury Printed Jacket & Bottom,1E+12,Formal,Other,Formals,57799,34679,23120,40,On Sale,Luxury,High (40-59%),27990,123.9,Available,PKR,53.93,100,80,100,81.18,31/08/2026
SAN-081,31/08/2026,Sana Safinaz,SS24FOR253P2T,1E+12,Formal,Other,Formals,59299,25000,34299,57.84,On Sale,Premium,High (40-59%),27990,89.32,Available,PKR,53.93,100,80,100,81.18,31/08/2026
